<?xml version="1.0" encoding="UTF-8"?>
<configuration>

    <!-- Variables -->
    <property name="DEV_HOME" value="c:/logs"/>
    <property name="EC_SERVER" value="http://localhost:9200"/>

    <!-- Console Configuration -->    
    <appender name="STDOUT" class="ch.qos.logback.core.ConsoleAppender">
        <encoder>
            <pattern>%-5relative %-5level %logger{35} - %msg%n</pattern>
        </encoder>
	</appender>

    <!-- File Configuration -->    
    <appender name="FILE" class="ch.qos.logback.core.rolling.RollingFileAppender">
		<file>${DEV_HOME}/debug.log</file>
		<encoder class="ch.qos.logback.classic.encoder.PatternLayoutEncoder">
			<Pattern>%d{yyyy-MM-dd HH:mm:ss} - %msg%n</Pattern>
		</encoder>
		<rollingPolicy class="ch.qos.logback.core.rolling.TimeBasedRollingPolicy">
			<!-- rollover daily -->
			<fileNamePattern>${DEV_HOME}/archived/debug.%d{yyyy-MM-dd}.%i.log</fileNamePattern>
			<timeBasedFileNamingAndTriggeringPolicy class="ch.qos.logback.core.rolling.SizeAndTimeBasedFNATP">
				<maxFileSize>10MB</maxFileSize>
			</timeBasedFileNamingAndTriggeringPolicy>
		</rollingPolicy>
	</appender>

    <!-- Elastic Configuration -->    
    <appender name="ELASTIC" class="com.internetitem.logback.elasticsearch.ElasticsearchAppender">
        <url>${EC_SERVER}/_bulk</url>
        <index>logs-%date{yyyy-MM-dd}</index>
        <type>tester</type>
        <loggerName>es-logger</loggerName> <!-- optional -->
        <errorLoggerName>es-error-logger</errorLoggerName> <!-- optional -->
        <connectTimeout>30000</connectTimeout> <!-- optional (in ms, default 30000) -->
        <errorsToStderr>false</errorsToStderr> <!-- optional (default false) -->
        <includeCallerData>false</includeCallerData> <!-- optional (default false) -->
        <logsToStderr>false</logsToStderr> <!-- optional (default false) -->
        <maxQueueSize>104857600</maxQueueSize> <!-- optional (default 104857600) -->
        <maxRetries>3</maxRetries> <!-- optional (default 3) -->
        <readTimeout>30000</readTimeout> <!-- optional (in ms, default 30000) -->
        <sleepTime>250</sleepTime> <!-- optional (in ms, default 250) -->
        <rawJsonMessage>false</rawJsonMessage> <!-- optional (default false) -->
        <includeMdc>false</includeMdc> <!-- optional (default false) -->
        <maxMessageSize>100</maxMessageSize> <!-- optional (default -1 -->
        <authentication class="com.internetitem.logback.elasticsearch.config.BasicAuthentication" /> <!-- optional -->
        <properties>
            <property>
                <name>host</name>
                <value>${HOSTNAME}</value>
                <allowEmpty>false</allowEmpty>
            </property>
            <property>
                <name>severity</name>
                <value>%level</value>
            </property>
            <property>
                <name>thread</name>
                <value>%thread</value>
            </property>
            <property>
                <name>stacktrace</name>
                <value>%ex</value>
            </property>
            <property>
                <name>logger</name>
                <value>%logger</value>
            </property>
        </properties>
        <headers>
            <header>
                <name>Content-Type</name>
                <value>text/plain</value>
            </header>
        </headers>
    </appender>

    <root level="info">
        <appender-ref ref="STDOUT" />
        <appender-ref ref="FILE"    />
        <appender-ref ref="ELASTIC" />
    </root>

    <logger name="es-error-logger" level="INFO" additivity="false">
        <appender-ref ref="FILE"/>
    </logger>

    <logger name="es-logger" level="INFO" additivity="false">
        <appender name="ES_FILE" class="ch.qos.logback.core.rolling.RollingFileAppender">
            <!-- ... -->
            <encoder>
                <pattern>%msg</pattern> <!-- This pattern is important, otherwise it won't be the raw Elasticsearch format anyomre -->
            </encoder>
        </appender>
    </logger>

</configuration>